Student_ID,Study_Hours_Per_Day,Attendance_Percent,Assignment_Score_10,Quiz_Score_10,Sleep_Hours,Final_Score_Percent
S001,6,8,7,8,7,82
S002,3,5,4,5,4,54
S003,8,9,8,9,9,94
S004,4,6,5,6,5,63
S005,7,7,8,7,8,85
S006,2,4,3,4,3,42
S007,5,7,6,7,6,72
S008,9,9,9,10,9,97
S009,4,5,6,5,5,60
S010,6,8,7,7,8,81
S011,3,4,4,5,4,49
S012,8,8,9,8,9,92
S013,5,6,5,6,6,67
S014,7,8,7,8,7,84
S015,1,3,2,3,2,31
S016,6,7,8,7,7,79
S017,4,6,4,5,5,58
S018,9,10,9,9,10,98
S019,5,5,6,6,5,64
S020,7,7,7,8,8,83
S021,2,5,3,4,3,45
S022,8,9,8,9,8,91
S023,6,6,7,7,6,74
S024,3,5,5,4,4,52
S025,7,9,8,8,9,90
S026,4,4,5,5,4,55
S027,5,7,7,6,7,73
S028,8,8,8,9,9,93
S029,2,3,4,3,3,38
S030,6,8,6,8,7,78
S031,5,6,6,5,6,68
S032,9,9,10,9,9,96
S033,3,4,3,5,4,47
S034,7,8,8,7,8,87
S035,4,6,5,4,5,59
S036,6,7,7,8,7,80
S037,2,4,3,3,4,41
S038,8,9,9,8,9,95
S039,5,6,5,7,6,69
S040,7,7,8,8,7,86
